<?xml version="1.0" encoding="UTF-8" standalone="no"?><environment><parameter><key>Test URL</key><value>https://opensource-demo.orangehrmlive.com/web/index.php/auth/login</value></parameter><parameter><key>Target Execution</key><value>local</value></parameter><parameter><key>Global Timeout</key><value>5</value></parameter><parameter><key>Page Load Timeout</key><value>120</value></parameter><parameter><key>Headless Mode</key><value>false</value></parameter><parameter><key>Local Browser</key><value>CHROME</value></parameter><parameter><key>Remote URL</key><value>localhost</value></parameter><parameter><key>Remote Port</key><value>4444</value></parameter></environment>